ID,First_Name,Last_Name,Email,Phone_Number,Birth_Date,City,Country,Employment_Date,Salary
1,Michael,Jimenez,michael.jimenez@example.com,208-546-1333x045,1975-02-20,Gilbertburgh,Bermuda,2014-11-09,67668.48
2,Debra,Hill,debra.hill@example.com,(504)045-6530x435,1999-08-30,Lewischester,Malawi,2018-12-13,66177.81
3,Kevin,Baldwin,kevin.baldwin@example.com,+1-950-547-5657x054,1988-09-23,West Phillip,Cocos (Keeling) Islands,2017-09-16,78326.54
4,Steven,Bowers,steven.bowers@example.com,586.580.3354x38205,1995-07-06,Hannahview,Tonga,2021-06-11,80478.83
5,Randy,Barr,randy.barr@example.com,380.437.7866,1976-07-29,Medinaborough,South Georgia and the South Sandwich Islands,2013-11-04,69414.64
6,Jessica,Fletcher,jessica.fletcher@example.com,233.494.6371x11747,1985-07-07,Lake Hannahville,Uruguay,2022-03-26,64928.49
7,Vicki,Aguilar,vicki.aguilar@example.com,(533)992-6187x857,1989-01-23,Marymouth,Pakistan,2016-09-23,83595.29
8,Paul,Murray,paul.murray@example.com,001-754-866-0244x54123,1985-09-17,Foxstad,Zimbabwe,2019-10-31,54230.28
9,Jeffery,Wilson,jeffery.wilson@example.com,+1-143-522-1260x466,1986-10-30,Kellytown,Liberia,2019-04-18,68108.23
10,Debra,Chung,debra.chung@example.com,001-131-350-6906,2001-10-16,North Matthewburgh,Gabon,2016-01-09,47056.03
11,Danielle,Luna,danielle.luna@example.com,+1-079-626-1962x6127,1980-01-12,Kellyfurt,Turks and Caicos Islands,2020-07-09,91377.58
12,Danielle,Boyd,danielle.boyd@example.com,751.812.1831,1979-09-30,South Sharonchester,Montenegro,2021-04-16,41914.82
13,Matthew,Morales,matthew.morales@example.com,(712)056-0139x212,1998-08-28,West Arielchester,Northern Mariana Islands,2017-10-05,96536.04
14,Lindsay,Wilcox,lindsay.wilcox@example.com,(087)617-3595x6249,1994-06-18,Richardport,Latvia,2017-08-16,114966.77
15,Joseph,Daniels,joseph.daniels@example.com,+1-115-476-4994x9675,1994-05-03,Christinaton,New Zealand,2016-08-27,62385.72
16,Dana,Martin,dana.martin@example.com,+1-014-390-0979,1988-05-14,Lake Caleb,Equatorial Guinea,2018-04-02,106631.02
17,Adam,Petersen,adam.petersen@example.com,(044)172-8328,1979-08-26,Port Samanthatown,Thailand,2022-01-30,66283.2
18,Robert,Perez,robert.perez@example.com,001-094-020-5065x0195,1975-08-21,Erikberg,Lithuania,2019-03-21,38404.57
19,Kevin,Holland,kevin.holland@example.com,(883)322-5221x0008,2005-07-29,Watsonborough,Senegal,2020-03-01,37468.55
20,Brian,Campbell,brian.campbell@example.com,(989)897-6889,1993-05-28,New Maurice,Isle of Man,2015-05-20,68000.82
21,Angela,Ramos,angela.ramos@example.com,(168)047-9772x51522,1996-12-26,East Amanda,Suriname,2020-07-07,58271.7
22,Juan,Chandler,juan.chandler@example.com,9661895630,2000-09-20,North Jamesside,Pakistan,2021-03-04,88007.38
23,Teresa,Livingston,teresa.livingston@example.com,+1-081-039-6927x921,1984-06-08,West Aprilburgh,Congo,2020-05-09,46625.09
24,Jennifer,Johnson,jennifer.johnson@example.com,001-686-802-2050x43849,2005-05-20,Porterborough,Mexico,2015-08-25,81777.99
25,Steven,Weiss,steven.weiss@example.com,045.645.1392,2001-11-16,Mooreport,Peru,2021-05-28,71812.73
26,Denise,Lucero,denise.lucero@example.com,+1-653-890-6997x3101,1980-05-07,Kimberlyfort,Malta,2014-03-28,118374.53
27,Michael,Martin,michael.martin@example.com,(440)574-0659x287,2000-03-13,North Lucashaven,United States of America,2021-03-03,56215.43
28,William,Pierce,william.pierce@example.com,+1-825-430-5146,1977-11-16,West Stevenshire,Panama,2016-04-25,113063.89
29,Julia,Peterson,julia.peterson@example.com,(338)710-4183,1984-09-24,Coreymouth,Fiji,2020-08-07,67913.63
30,Patrick,Williams,patrick.williams@example.com,530-076-5914x41547,2002-05-14,Hensonville,Isle of Man,2022-09-16,101001.64
31,Reginald,Walsh,reginald.walsh@example.com,001-233-223-8395x6334,2005-06-23,Zunigamouth,Singapore,2017-06-02,70978.02
32,Brandi,Johnson,brandi.johnson@example.com,425.569.6180x2355,1987-10-27,Larsonton,Belize,2023-05-19,30814.76
33,Frances,Neal,frances.neal@example.com,+1-370-911-2685x81894,1984-03-02,Lisafurt,Lesotho,2016-09-13,81564.97
34,Kyle,Davis,kyle.davis@example.com,(162)587-8495x232,1976-12-04,Ashleymouth,Cyprus,2019-08-01,62936.17
35,Gina,Goodwin,gina.goodwin@example.com,(991)953-1800,1986-05-06,East Tiffanychester,Nauru,2013-12-28,59040.18
36,Robin,Bishop,robin.bishop@example.com,5326644369,2005-01-31,Jasonside,Reunion,2023-06-25,59478.68
37,Michael,Walsh,michael.walsh@example.com,(889)182-3740,1984-04-19,Lake Glennfurt,Marshall Islands,2015-07-31,38667.59
38,Ebony,Mccall,ebony.mccall@example.com,(327)287-0168,1982-04-05,South Jessicaside,Estonia,2020-11-14,46834.86
39,Linda,Warren,linda.warren@example.com,111.609.6245x012,1977-08-31,West Jordanhaven,Kazakhstan,2014-03-03,114545.33
40,Adam,Alexander,adam.alexander@example.com,761.125.0534x6767,1989-08-21,New Michaelton,Seychelles,2017-12-23,90657.15
41,Jasmine,Serrano,jasmine.serrano@example.com,664.456.8199x0632,1982-03-05,Ruizchester,Zambia,2022-11-25,82329.33
42,Kelly,Wright,kelly.wright@example.com,978.290.1152x371,2003-09-03,Wrightstad,Macedonia,2021-06-16,56819.72
43,Zoe,Robertson,zoe.robertson@example.com,791.087.9916,1988-10-12,Ryanview,Monaco,2018-10-27,106880.91
44,Chase,Mills,chase.mills@example.com,+1-227-746-9604,1973-12-25,Trevinomouth,Mayotte,2022-09-16,92677.65
45,Michael,Torres,michael.torres@example.com,+1-415-203-6709x69139,2003-08-19,Tracyhaven,Cameroon,2022-06-18,90369.99
46,Julia,Hall,julia.hall@example.com,+1-048-990-6702x1074,1980-08-24,Lake Saraton,Cambodia,2020-05-26,116400.1
47,Brooke,Baldwin,brooke.baldwin@example.com,001-835-635-0332,1993-01-16,New Patrickton,Bangladesh,2014-12-29,61463.43
48,Sherri,Edwards,sherri.edwards@example.com,278-589-4244,1987-10-28,Lindaburgh,Cook Islands,2017-12-26,109646.14
49,Kimberly,Morgan,kimberly.morgan@example.com,531-964-7837x637,1988-09-28,New Claudiafort,Chile,2020-09-13,88041.5
50,Katie,Fisher,katie.fisher@example.com,644-630-8687x8019,1979-03-03,South James,Guyana,2014-04-22,47765.15
51,Lori,Williams,lori.williams@example.com,111-621-7927,1986-04-10,Andersonberg,Saint Pierre and Miquelon,2017-03-19,82494.31
52,Kristopher,Jones,kristopher.jones@example.com,515-790-9484x8926,1986-01-24,Claytonside,Germany,2014-09-21,107429.33
53,Michael,Brock,michael.brock@example.com,(084)341-6742x76827,2001-01-14,North Ariel,Mozambique,2019-01-15,73496.98
54,Martin,Clay,martin.clay@example.com,308-918-6750,1993-03-24,East Williamport,Luxembourg,2020-10-17,114315.31
55,Aaron,Hunter,aaron.hunter@example.com,199-877-7657,2004-08-15,Bryanmouth,Sudan,2014-05-05,115641.24
56,Stephanie,Martin,stephanie.martin@example.com,001-159-984-7480x34078,1973-12-07,North Amandaport,Dominican Republic,2016-08-02,89421.27
57,Robert,Casey,robert.casey@example.com,(298)936-5289,1989-05-27,Kimberlybury,Papua New Guinea,2015-04-07,56672.42
58,Brooke,Snyder,brooke.snyder@example.com,110.987.3632,1983-03-04,Davidchester,Belarus,2022-06-11,76742.03
59,Christina,Estrada,christina.estrada@example.com,493.136.2471x5410,1978-06-16,Coxmouth,Switzerland,2015-01-11,60588.72
60,James,Hunter,james.hunter@example.com,525.361.5339,1982-03-21,Fordton,Denmark,2020-02-19,33742.07
61,Daniel,Walker,daniel.walker@example.com,029.735.3060,1987-05-21,Smithburgh,Iran,2023-10-19,119564.15
62,Jeanette,Brown,jeanette.brown@example.com,+1-275-661-9451,1983-08-17,Lauraton,Solomon Islands,2019-03-08,44359.44
63,James,Simpson,james.simpson@example.com,253.711.4533,2003-12-03,South Jennifer,Kenya,2015-02-12,49995.22
64,Gabriel,Henry,gabriel.henry@example.com,066-708-9865x23646,1974-03-10,Judyborough,Korea,2022-08-07,43709.28
65,Penny,Phillips,penny.phillips@example.com,(202)007-2497x6162,1990-12-15,Carrieton,Comoros,2015-10-14,32025.38
66,Angela,Lam,angela.lam@example.com,4581702917,1985-08-14,East Adamfort,Barbados,2014-06-30,39847.13
67,Melissa,Reilly,melissa.reilly@example.com,(194)449-9348x4470,1997-07-05,Terryside,Congo,2017-11-07,70349.48
68,Raymond,Stewart,raymond.stewart@example.com,001-109-962-7197x11529,1989-08-16,Paulabury,Gambia,2018-07-24,36756.13
69,Susan,Bailey,susan.bailey@example.com,001-054-160-7676x162,1998-03-08,South Alex,Western Sahara,2021-04-30,119579.59
70,Tammy,Hurley,tammy.hurley@example.com,(227)972-1203x515,1981-11-25,Elizabethton,Lao People's Democratic Republic,2014-03-30,94442.06
71,Michael,Baker,michael.baker@example.com,533-666-1733x942,1989-03-04,Michelleside,Sri Lanka,2021-09-02,68928.11
72,Ricky,Lee,ricky.lee@example.com,+1-033-579-3407,1981-05-10,Mariaville,United Kingdom,2018-01-18,84725.3
73,Donald,Green,donald.green@example.com,6959807718,1976-04-19,North Gregoryfurt,Belgium,2017-09-22,117108.5
74,Lindsay,Mccullough,lindsay.mccullough@example.com,(232)483-3263,1974-05-08,Scottburgh,Kiribati,2016-09-17,66940.89
75,Wesley,Moreno,wesley.moreno@example.com,941.289.1173x4507,1975-05-29,New Barbara,Ethiopia,2021-09-10,95296.86
76,Robert,Alvarado,robert.alvarado@example.com,(840)895-0113x620,2004-01-28,Wallburgh,Antarctica (the territory South of 60 deg S),2015-07-03,87478.0
77,Lori,Rollins,lori.rollins@example.com,119-532-4141x7258,1991-05-26,Port Sara,Japan,2015-09-28,80731.45
78,Nancy,Collins,nancy.collins@example.com,5268499459,1995-11-10,East Michaelmouth,Switzerland,2018-10-01,48290.63
79,Jennifer,Bryant,jennifer.bryant@example.com,946.023.1286,1998-07-22,South Tony,Qatar,2021-04-05,48054.34
80,Richard,Mendoza,richard.mendoza@example.com,399.972.6479,1989-08-27,North Linda,Western Sahara,2023-09-20,71786.09
81,Nicholas,Hall,nicholas.hall@example.com,4756031238,1979-10-22,Ryanbury,Northern Mariana Islands,2016-02-11,47111.89
82,Steven,Taylor,steven.taylor@example.com,779.510.9521x181,1979-01-19,East Kevinfurt,Turkey,2022-02-05,34710.74
83,Kimberly,Rose,kimberly.rose@example.com,525.525.4672,1993-05-23,North Christinafurt,Uzbekistan,2018-03-30,69782.71
84,Anna,Martinez,anna.martinez@example.com,229-083-1339x2328,1989-12-22,Lake Kimberlyburgh,Israel,2020-01-11,39400.38
85,Ellen,Rivera,ellen.rivera@example.com,001-416-538-3945,2000-02-22,West Jamie,Yemen,2019-12-31,73730.22
86,Michele,Collins,michele.collins@example.com,+1-321-833-1223x46405,1987-03-20,Lake Austin,Seychelles,2021-03-26,88733.82
87,John,Petersen,john.petersen@example.com,481-841-9128,1994-03-04,South Maryton,Aruba,2017-07-04,39087.94
88,Pamela,Adams,pamela.adams@example.com,097.638.4692x8901,1979-12-20,Danielstad,Algeria,2016-08-08,37504.65
89,Darryl,Warren,darryl.warren@example.com,763.527.6455x0962,2004-06-25,Ingramhaven,New Zealand,2019-10-16,118777.02
90,Jacob,Flores,jacob.flores@example.com,(078)782-0617,1999-05-28,New Cassandra,Central African Republic,2015-03-06,53556.75
91,Craig,Barrera,craig.barrera@example.com,(254)845-7720x0658,1996-06-29,North Megan,Mauritania,2015-01-31,117966.29
92,Michael,Hill,michael.hill@example.com,(401)480-9375x6549,1987-02-10,East Peter,Mauritius,2017-10-17,82662.02
93,Christopher,Giles,christopher.giles@example.com,+1-299-421-9678x4775,2003-06-14,New Deannaborough,Falkland Islands (Malvinas),2021-04-12,107522.04
94,Bruce,Roman,bruce.roman@example.com,474.489.6198,1999-02-22,Wardmouth,Mayotte,2023-06-10,48933.5
95,Ethan,Potter,ethan.potter@example.com,(704)724-6439x44924,1994-01-27,West Brandonbury,French Guiana,2017-06-16,66539.38
96,Carla,Madden,carla.madden@example.com,001-039-581-3738x206,1992-09-10,East Markfort,Iceland,2018-10-07,31027.99
97,John,Cobb,john.cobb@example.com,271-476-4681,1993-11-12,Jenniferfort,Macedonia,2020-11-18,71168.34
98,Alexander,Fernandez,alexander.fernandez@example.com,(152)593-0782x37083,2001-07-30,East Michaelborough,Mauritania,2021-10-22,41740.23
99,Kevin,Mosley,kevin.mosley@example.com,001-233-696-0370x7521,1977-10-01,West Phillipport,Macedonia,2022-07-06,118959.22
100,Betty,Oliver,betty.oliver@example.com,+1-732-030-5259x1190,1999-03-20,Bishopshire,Serbia,2015-12-08,98065.26
